2017-03-21 02:00:00,/robots.txt,1,5383
2017-03-21 02:00:00,/assets/images/favicon.ico,1,1401
2017-03-21 02:00:00,/blog-single.html,1,15150
2017-03-21 04:00:00,/assets/images/portfolio/big/nykbags-big.jpg,1,50886
2017-03-21 14:00:00,/robots.txt,1,5383
2017-03-21 14:00:00,/,1,44335
2017-03-21 14:00:00,/assets/css/bootstrap.css,1,147679
2017-03-21 14:00:00,/style.css,1,55824
2017-03-21 14:00:00,/assets/css/slick.css,1,5120
2017-03-21 14:00:00,/assets/css/jquery.fancybox.css,1,5170
2017-03-21 14:00:00,/preloader.css,1,37113
2017-03-21 14:00:00,/assets/css/animate.css,1,71056
2017-03-21 14:00:00,/assets/css/font-awesome.css,1,32566
2017-03-21 14:00:00,/assets/css/theme-color/default.css,1,5143
2017-03-21 15:00:00,/,1,44335
2017-03-21 17:00:00,/assets/images/portfolio/big/laundrokart-big.jpg,1,58939
2017-03-21 17:00:00,/assets/images/portfolio/big/kartwagon-big.jpg,1,64753
2017-03-21 17:00:00,/robots.txt,1,5387
2017-03-21 17:00:00,/assets/images/portfolio/big/indianfaujies-big.jpg,1,64889
2017-03-21 18:00:00,/robots.txt,2,5520
2017-03-21 18:00:00,/,1,44354
2017-03-21 19:00:00,/preloader.css,1,37132
2017-03-21 20:00:00,/assets/js/wow.js,1,15830
2017-03-21 21:00:00,/,1,44354
2017-03-21 23:00:00,/robots.txt,1,5402
2017-03-22 06:00:00,/assets/css/bootstrap.css,1,147698
2017-03-22 11:00:00,/,1,44335
2017-03-22 12:00:00,/,1,44335
2017-03-22 13:00:00,/robots.txt,1,5387
2017-03-22 13:00:00,/,1,44335
2017-03-22 13:00:00,/assets/css/bootstrap.css,1,147679
2017-03-22 13:00:00,/assets/css/jquery.fancybox.css,1,5170
2017-03-22 13:00:00,/style.css,1,55824
2017-03-22 13:00:00,/assets/css/theme-color/default.css,1,5143
2017-03-22 13:00:00,/assets/css/font-awesome.css,1,32566
2017-03-22 13:00:00,/assets/css/animate.css,1,71056
2017-03-22 13:00:00,/preloader.css,1,37113
2017-03-22 13:00:00,/assets/css/slick.css,1,5120
2017-03-22 16:00:00,/robots.txt,2,10770
2017-03-22 16:00:00,/,2,52786
2017-03-22 17:00:00,/robots.txt,1,5383
2017-03-22 17:00:00,/,1,44335
2017-03-22 22:00:00,/wp-login.php,1,5396
2017-03-22 22:00:00,/administrator/index.php,1,5418
2017-03-22 22:00:00,/admin.php,1,5390
2017-03-22 22:00:00,/bitrix/admin/index.php,1,5424
2017-03-22 22:00:00,/admin/login.php,1,5402
2017-03-22 22:00:00,/admin/,1,5379
2017-03-22 22:00:00,/user/,1,5377
2017-03-23 00:00:00,/robots.txt,1,5402
2017-03-23 01:00:00,/index.html,1,44335
2017-03-23 02:00:00,/assets/js/custom.js,1,7648
2017-03-23 13:00:00,/,1,44335
2017-03-23 15:00:00,/robots.txt,1,5387
2017-03-23 15:00:00,/,1,44335
2017-03-23 16:00:00,/robots.txt,2,5520
2017-03-23 16:00:00,/preloader.css,1,37132
2017-03-23 16:00:00,/wp-content/uploads/2015/02/google_wallet_1207731.jpg,1,5471
2017-03-23 16:00:00,/assets/images/about-img.jpg,1,57719
2017-03-24 01:00:00,/robots.txt,1,5402
2017-03-24 02:00:00,/robots.txt,1,5387
2017-03-24 02:00:00,/,1,44335
2017-03-24 05:00:00,/,1,44354
2017-03-24 06:00:00,/robots.txt,1,5387
2017-03-24 06:00:00,/assets/images/favicon.ico,1,1401
2017-03-24 13:00:00,/robots.txt,1,5383
2017-03-24 13:00:00,/,2,88689
2017-03-24 15:00:00,/assets/js/slick.js,1,79516
2017-03-24 15:00:00,/robots.txt,2,10770
2017-03-24 15:00:00,/,2,88670
2017-03-24 16:00:00,/blog-single.html,1,15150
2017-03-24 20:00:00,/robots.txt,1,5387
2017-03-24 20:00:00,/assets/images/portfolio/big/ezeone-big.jpg,1,68845
2017-03-24 21:00:00,/assets/images/favicon.ico,1,1401
2017-03-24 22:00:00,/,1,44354
2017-03-24 22:00:00,/assets/js/jquery.counterup.js,1,2858
2017-03-25 02:00:00,/robots.txt,1,5402
2017-03-25 08:00:00,/assets/css/bootstrap.css,1,147698
2017-03-25 14:00:00,/,1,44354
2017-03-25 15:00:00,/robots.txt,1,5387
2017-03-25 15:00:00,/,1,44335
2017-03-25 15:00:00,/assets/css/font-awesome.css,1,32566
2017-03-25 15:00:00,/assets/css/theme-color/default.css,1,5143
2017-03-25 15:00:00,/assets/css/animate.css,1,71056
2017-03-25 15:00:00,/assets/css/jquery.fancybox.css,1,5170
2017-03-25 15:00:00,/style.css,1,55824
2017-03-25 15:00:00,/preloader.css,1,37113
2017-03-25 15:00:00,/assets/css/slick.css,1,5120
2017-03-25 15:00:00,/assets/css/bootstrap.css,1,147679
2017-03-25 20:00:00,/style.css,1,55843
2017-03-26 03:00:00,/robots.txt,1,5383
2017-03-26 03:00:00,/,1,44335
2017-03-26 03:00:00,/assets/css/bootstrap.css,1,147679
2017-03-26 03:00:00,/style.css,1,55824
2017-03-26 03:00:00,/assets/css/theme-color/default.css,1,5143
2017-03-26 03:00:00,/assets/css/jquery.fancybox.css,1,5170
2017-03-26 03:00:00,/assets/css/animate.css,1,71056
2017-03-26 03:00:00,/assets/css/slick.css,1,5120
2017-03-26 03:00:00,/assets/css/font-awesome.css,1,32566
2017-03-26 03:00:00,/preloader.css,1,37113
2017-03-26 07:00:00,/blog-archive.html,1,16388
2017-03-26 07:00:00,/robots.txt,1,5383
2017-03-26 08:00:00,/robots.txt,1,5402
2017-03-26 11:00:00,/robots.txt,2,10770
2017-03-26 11:00:00,/,2,88670
2017-03-26 16:00:00,/style.css,1,55843
2017-03-26 23:00:00,/robots.txt,2,10766
2017-03-26 23:00:00,/,1,44335
2017-03-26 23:00:00,/xmlrpc.php,1,5392
2017-03-26 23:00:00,/blog/robots.txt,2,10786
2017-03-26 23:00:00,/blog/,1,5373
2017-03-26 23:00:00,/wordpress/,1,5383
2017-03-26 23:00:00,/wp/,1,5369
2017-03-26 23:00:00,/administrator/index.php,1,5414
2017-03-26 23:00:00,/blog/administrator/index.php,1,5424
2017-03-26 23:00:00,/joomla/robots.txt,1,5397
2017-03-26 23:00:00,/joomla/administrator/index.php,1,5428
2017-03-26 23:00:00,/index.php,2,10867
2017-03-27 00:00:00,/wp-content/uploads/2015/02/google_wallet_1207731-270x231.jpg,1,5487
2017-03-27 06:00:00,/robots.txt,1,5387
2017-03-27 06:00:00,/favicon.ico,1,5389
2017-03-27 08:00:00,/robots.txt,1,5402
2017-03-27 12:00:00,/robots.txt,1,5383
2017-03-27 12:00:00,/,1,44335
2017-03-27 19:00:00,/assets/css/theme-color/default.css,1,5162
2017-03-27 19:00:00,/assets/css/theme-color/,1,0
2017-03-27 19:00:00,/robots.txt,2,5520
2017-03-27 19:00:00,/assets/css/animate.css,1,71075
2017-03-27 20:00:00,/robots.txt,1,5387
2017-03-27 20:00:00,/assets/images/favicon.ico,1,1401
2017-03-28 00:00:00,/,2,88708
2017-03-28 04:00:00,/assets/js/waypoints.js,1,13852
2017-03-28 09:00:00,/robots.txt,1,5402
2017-03-28 10:00:00,/robots.txt,3,16157
2017-03-28 10:00:00,/,3,133005
2017-03-28 10:00:00,/assets/images/favicon.ico,1,1401
2017-03-28 14:00:00,/robots.txt,1,5387
2017-03-28 14:00:00,/,1,44335
2017-03-28 19:00:00,/assets/images/about-img.jpg,1,57719
2017-03-29 00:00:00,/,1,44354
2017-03-29 02:00:00,/assets/images/portfolio/big/nykbags-big.jpg,1,50886
2017-03-29 02:00:00,/robots.txt,1,5383
2017-03-29 02:00:00,/,1,44335
2017-03-29 05:00:00,/robots.txt,1,5387
2017-03-29 05:00:00,/,1,44335
2017-03-29 05:00:00,/assets/images/about-img.jpg,1,57719
2017-03-29 06:00:00,/preloader.css,1,37113
2017-03-29 06:00:00,/assets/css/jquery.fancybox.css,1,5170
2017-03-29 06:00:00,/assets/css/bootstrap.css,1,147679
2017-03-29 06:00:00,/assets/css/font-awesome.css,1,32566
2017-03-29 06:00:00,/assets/css/animate.css,1,71056
2017-03-29 06:00:00,/assets/css/theme-color/default.css,1,5143
2017-03-29 06:00:00,/style.css,1,55824
2017-03-29 06:00:00,/assets/css/slick.css,1,5120
2017-03-29 09:00:00,/robots.txt,1,5402
2017-03-29 09:00:00,/,1,44335
2017-03-29 10:00:00,/robots.txt,1,5383
2017-03-29 10:00:00,/sitemap.xml,1,5385
2017-03-29 12:00:00,/assets/css/slick.css,1,5139
2017-03-29 18:00:00,/robots.txt,2,5520
2017-03-29 18:00:00,/index.html,1,44354
2017-03-29 18:00:00,/,2,88708
2017-03-29 22:00:00,/robots.txt,1,5406
2017-03-29 22:00:00,/,1,44335
2017-03-30 06:00:00,/blog-single.html,1,15150
2017-03-30 07:00:00,/assets/css/animate.css,1,71075
2017-03-30 14:00:00,/robots.txt,1,5402
2017-03-30 14:00:00,/,1,44335
2017-03-30 14:00:00,/assets/css/jquery.fancybox.css,1,5170
2017-03-30 14:00:00,/assets/css/slick.css,1,5120
2017-03-30 14:00:00,/assets/css/theme-color/default.css,1,5143
2017-03-30 14:00:00,/assets/css/animate.css,1,71056
2017-03-30 14:00:00,/preloader.css,1,37113
2017-03-30 14:00:00,/assets/css/font-awesome.css,1,32566
2017-03-30 14:00:00,/style.css,1,55824
2017-03-30 14:00:00,/assets/js/bootstrap.js,1,69154
2017-03-30 14:00:00,/assets/css/bootstrap.css,1,147679
2017-03-30 14:00:00,/assets/js/jquery.counterup.js,1,2839
2017-03-30 14:00:00,/assets/fonts/fontawesome-webfont.woff2,1,7533
2017-03-30 14:00:00,/assets/js/wow.js,1,15811
2017-03-30 14:00:00,/assets/images/logo.png,1,2570
2017-03-30 14:00:00,/assets/js/waypoints.js,1,13833
2017-03-30 14:00:00,/assets/js/slick.js,1,79497
2017-03-30 14:00:00,/assets/js/jquery.fancybox.pack.js,1,23450
2017-03-30 14:00:00,/assets/images/header-bg.jpg,1,154134
2017-03-30 14:00:00,/assets/js/jquery.mixitup.js,1,52488
2017-03-30 14:00:00,/assets/images/search-icon.png,1,1446
2017-03-30 14:00:00,/assets/js/custom.js,1,7629
2017-03-30 14:00:00,/assets/images/about-img.jpg,1,57719
2017-03-30 14:00:00,/assets/images/skills/ux.png,1,28114
2017-03-30 14:00:00,/assets/fonts/fontawesome-webfont.woff,1,81535
2017-03-30 14:00:00,/assets/images/skills/angular.png,1,18192
2017-03-30 14:00:00,/assets/images/skills/html.png,1,16621
2017-03-30 14:00:00,/assets/css/ajax-loader.gif,1,5419
2017-03-30 14:00:00,/assets/images/skills/boot.png,1,17734
2017-03-30 14:00:00,/assets/images/skills/js.png,1,16530
2017-03-30 14:00:00,/assets/images/skills/php.png,1,20953
2017-03-30 14:00:00,/assets/images/portfolio/small/fomads-small.jpg,1,14445
2017-03-30 14:00:00,/assets/images/skills/css.png,1,17144
2017-03-30 14:00:00,/assets/images/portfolio/small/ezeone-small.jpg,1,9925
2017-03-30 14:00:00,/assets/images/skills/jq.png,1,21781
2017-03-30 14:00:00,/assets/images/portfolio/small/nykbags-small.jpg,1,10430
2017-03-30 14:00:00,/assets/images/portfolio/small/kartwagon-small.jpg,1,9103
2017-03-30 14:00:00,/assets/images/portfolio/small/rapidkart-small.jpg,1,10107
2017-03-30 14:00:00,/assets/images/portfolio/small/laundrokart-small.jpg,1,12463
2017-03-30 14:00:00,/assets/images/portfolio/small/indianfaujies-small.jpg,1,13838
2017-03-30 14:00:00,/assets/images/testimonial-image1.png,1,25133
2017-03-30 14:00:00,/assets/images/team-member2.png,1,17402
2017-03-30 14:00:00,/assets/images/counter-bg.jpg,1,78661
2017-03-30 14:00:00,/assets/images/portfolio/small/hc.png,1,73880
2017-03-30 14:00:00,/assets/images/comp/agt.png,1,2935
2017-03-30 14:00:00,/assets/images/testimonial-bg.jpg,1,134989
2017-03-30 14:00:00,/assets/images/sealand.jpg,1,34023
2017-03-30 14:00:00,/assets/images/photographer.jpg,1,21862
2017-03-30 14:00:00,/assets/images/team-member1.jpg,1,4224
2017-03-30 14:00:00,/assets/images/comp/hc.png,1,2430
2017-03-30 14:00:00,/assets/images/team-member3.jpg,1,12530
2017-03-30 14:00:00,/assets/images/team-member4.png,1,13992
2017-03-30 14:00:00,/assets/images/the-sky.jpg,1,40608
2017-03-30 14:00:00,/assets/images/contact-bg.jpg,1,135100
2017-03-30 14:00:00,/assets/images/call-to-action-bg.png,1,548996
2017-03-30 14:00:00,/assets/images/favicon.ico,1,1401
2017-03-30 14:00:00,/assets/images/fancybox_sprite.png,1,1609
2017-03-30 14:00:00,/assets/images/portfolio/big/kartwagon-big.jpg,1,64753
2017-03-30 14:00:00,/assets/images/fancybox_overlay.png,1,1251
2017-03-30 14:00:00,/assets/images/fancybox_loading.gif,1,6815
2017-03-30 14:00:00,/assets/images/portfolio/big/ezeone-big.jpg,1,68845
2017-03-30 14:00:00,/assets/images/blank.gif,1,289
2017-03-30 14:00:00,/assets/images/portfolio/big/rapidkart-big.jpg,1,57318
2017-03-30 14:00:00,/assets/images/portfolio/big/indianfaujies-big.jpg,1,64889
2017-03-30 14:00:00,/assets/images/portfolio/big/laundrokart-big.jpg,1,58939
2017-03-30 17:00:00,/,1,44335
2017-03-30 17:00:00,/assets/css/font-awesome.css,1,32566
2017-03-30 17:00:00,/assets/css/slick.css,1,5120
2017-03-30 17:00:00,/assets/css/jquery.fancybox.css,1,5170
2017-03-30 17:00:00,/assets/css/theme-color/default.css,1,5143
2017-03-30 17:00:00,/assets/css/animate.css,1,71056
2017-03-30 17:00:00,/style.css,1,55824
2017-03-30 17:00:00,/assets/css/bootstrap.css,1,147679
2017-03-30 17:00:00,/preloader.css,1,37113
2017-03-30 17:00:00,/assets/js/waypoints.js,1,13833
2017-03-30 17:00:00,/assets/js/jquery.counterup.js,1,2839
2017-03-30 17:00:00,/assets/js/jquery.mixitup.js,1,52488
2017-03-30 17:00:00,/assets/fonts/fontawesome-webfont.woff2,1,7529
2017-03-30 17:00:00,/assets/js/bootstrap.js,1,69154
2017-03-30 17:00:00,/assets/js/jquery.fancybox.pack.js,1,23450
2017-03-30 17:00:00,/assets/js/wow.js,1,15811
2017-03-30 17:00:00,/assets/js/custom.js,1,7629
2017-03-30 17:00:00,/assets/js/slick.js,1,79497
2017-03-30 17:00:00,/assets/images/logo.png,1,2570
2017-03-30 17:00:00,/assets/fonts/fontawesome-webfont.woff,1,81535
2017-03-30 17:00:00,/assets/images/search-icon.png,1,1446
2017-03-30 17:00:00,/assets/css/ajax-loader.gif,1,5415
2017-03-30 17:00:00,/assets/images/skills/js.png,1,16530
2017-03-30 17:00:00,/assets/images/skills/angular.png,1,18192
2017-03-30 17:00:00,/assets/images/header-bg.jpg,1,154134
2017-03-30 17:00:00,/assets/images/skills/ux.png,1,28114
2017-03-30 17:00:00,/assets/images/skills/html.png,1,16621
2017-03-30 17:00:00,/assets/images/skills/jq.png,1,21781
2017-03-30 17:00:00,/assets/images/skills/css.png,1,17144
2017-03-30 17:00:00,/assets/images/portfolio/small/ezeone-small.jpg,1,9925
2017-03-30 17:00:00,/assets/images/about-img.jpg,1,57719
2017-03-30 17:00:00,/assets/images/portfolio/small/nykbags-small.jpg,1,10430
2017-03-30 17:00:00,/assets/images/call-to-action-bg.png,1,548996
2017-03-30 17:00:00,/assets/images/skills/boot.png,1,17734
2017-03-30 17:00:00,/assets/images/portfolio/small/fomads-small.jpg,1,14445
2017-03-30 17:00:00,/assets/images/skills/php.png,1,20953
2017-03-30 17:00:00,/assets/images/portfolio/small/laundrokart-small.jpg,1,12463
2017-03-30 17:00:00,/assets/images/portfolio/small/hc.png,1,73880
2017-03-30 17:00:00,/assets/images/portfolio/small/kartwagon-small.jpg,1,9103
2017-03-30 17:00:00,/assets/images/portfolio/small/rapidkart-small.jpg,1,10107
2017-03-30 17:00:00,/assets/images/team-member2.png,1,17402
2017-03-30 17:00:00,/assets/images/testimonial-image1.png,1,25133
2017-03-30 17:00:00,/assets/images/testimonial-bg.jpg,1,134989
2017-03-30 17:00:00,/assets/images/portfolio/small/indianfaujies-small.jpg,1,13838
2017-03-30 17:00:00,/assets/images/the-sky.jpg,1,40608
2017-03-30 17:00:00,/assets/images/photographer.jpg,1,21862
2017-03-30 17:00:00,/assets/images/counter-bg.jpg,1,78661
2017-03-30 17:00:00,/assets/images/sealand.jpg,1,34023
2017-03-30 17:00:00,/assets/images/comp/hc.png,1,2430
2017-03-30 17:00:00,/assets/images/team-member1.jpg,1,4224
2017-03-30 17:00:00,/assets/images/comp/agt.png,1,2935
2017-03-30 17:00:00,/assets/images/team-member3.jpg,1,12530
2017-03-30 17:00:00,/assets/images/team-member4.png,1,13992
2017-03-30 17:00:00,/assets/images/contact-bg.jpg,1,135100
2017-03-30 17:00:00,/assets/images/favicon.ico,1,1401
2017-03-30 19:00:00,/robots.txt,2,10770
2017-03-30 19:00:00,/,2,88670
2017-03-31 04:00:00,/assets/css/jquery.fancybox.css,1,5189
2017-03-31 05:00:00,/robots.txt,1,5387
2017-03-31 05:00:00,/,1,44335
2017-03-31 09:00:00,/robots.txt,1,5383
2017-03-31 09:00:00,/,1,44335
2017-03-31 10:00:00,/index.html,1,44335
2017-03-31 10:00:00,/robots.txt,1,5383
2017-03-31 12:00:00,/robots.txt,1,5387
2017-03-31 12:00:00,/assets/images/favicon.ico,1,1401
2017-03-31 14:00:00,/assets/css/jquery.fancybox.css,1,5170
2017-03-31 14:00:00,/assets/css/bootstrap.css,1,147679
2017-03-31 14:00:00,/assets/js/custom.js,1,7629
2017-03-31 14:00:00,/assets/css/slick.css,1,5120
2017-03-31 14:00:00,/assets/css/theme-color/default.css,1,5143
2017-03-31 14:00:00,/preloader.css,1,37113
2017-03-31 14:00:00,/assets/css/animate.css,1,71056
2017-03-31 14:00:00,/assets/css/font-awesome.css,1,32566
2017-03-31 16:00:00,/assets/images/about-img.jpg,1,57719
2017-03-31 19:00:00,/assets/js/'+g+',1,2760
2017-03-31 21:00:00,/,1,44335
2017-03-31 21:00:00,/robots.txt,1,5402
2017-04-01 00:00:00,/,1,44335
2017-04-01 05:00:00,/robots.txt,1,5383
2017-04-01 05:00:00,/,1,44335
2017-04-01 05:00:00,/style.css,1,55824
2017-04-01 21:00:00,/robots.txt,1,5383
2017-04-01 21:00:00,/assets/images/favicon.ico,1,1401
2017-04-01 23:00:00,/robots.txt,2,5520
2017-04-01 23:00:00,/,1,44354
2017-04-02 00:00:00,/blog-single.html,1,15131
2017-04-02 00:00:00,/index.html,1,44354
2017-04-02 00:00:00,/,1,44354
2017-04-02 01:00:00,/,1,44354
2017-04-02 04:00:00,/robots.txt,1,5402
2017-04-02 12:00:00,/robots.txt,2,10770
2017-04-02 12:00:00,/,2,88670
2017-04-02 14:00:00,/robots.txt,1,5387
2017-04-02 14:00:00,/,1,44335
2017-04-02 14:00:00,/assets/css/theme-color/default.css,1,5143
2017-04-02 14:00:00,/assets/css/slick.css,1,5120
2017-04-02 14:00:00,/preloader.css,1,37113
2017-04-02 14:00:00,/assets/css/animate.css,1,71056
2017-04-02 14:00:00,/assets/css/font-awesome.css,1,32566
2017-04-02 14:00:00,/style.css,1,55824
2017-04-02 14:00:00,/assets/css/bootstrap.css,1,147679
2017-04-02 14:00:00,/assets/css/jquery.fancybox.css,1,5170
2017-04-02 18:00:00,/robots.txt,1,5387
2017-04-02 18:00:00,/assets/images/counter-bg.jpg,1,78661
2017-04-02 19:00:00,/assets/js/waypoints.js,1,13852
2017-04-03 06:00:00,/robots.txt,2,10770
2017-04-03 06:00:00,/,1,44335
2017-04-03 07:00:00,/,2,88689
2017-04-03 08:00:00,/assets/js/custom.js,1,7648
2017-04-03 11:00:00,/assets/css/ajax-loader.gif,2,10830
2017-04-03 11:00:00,/assets/fonts/fontawesome-webfont.woff2,2,10289
2017-04-03 11:00:00,/,1,44335
2017-04-03 11:00:00,/assets/css/slick.css,1,5120
2017-04-03 11:00:00,/assets/css/theme-color/default.css,1,5143
2017-04-03 11:00:00,/assets/css/jquery.fancybox.css,1,5170
2017-04-03 11:00:00,/preloader.css,1,37113
2017-04-03 11:00:00,/style.css,1,55824
2017-04-03 11:00:00,/assets/css/animate.css,1,71056
2017-04-03 11:00:00,/assets/css/font-awesome.css,1,32566
2017-04-03 11:00:00,/assets/js/bootstrap.js,1,69154
2017-04-03 11:00:00,/assets/css/bootstrap.css,1,147679
2017-04-03 11:00:00,/assets/js/slick.js,1,79497
2017-04-03 11:00:00,/assets/js/jquery.counterup.js,1,2839
2017-04-03 11:00:00,/assets/js/jquery.fancybox.pack.js,1,23450
2017-04-03 11:00:00,/assets/js/waypoints.js,1,13833
2017-04-03 11:00:00,/assets/js/wow.js,1,15811
2017-04-03 11:00:00,/assets/js/custom.js,1,7629
2017-04-03 11:00:00,/assets/js/jquery.mixitup.js,1,52488
2017-04-03 11:00:00,/assets/images/logo.png,1,2570
2017-04-03 11:00:00,/assets/images/search-icon.png,1,1446
2017-04-03 11:00:00,/assets/images/skills/js.png,1,16530
2017-04-03 11:00:00,/assets/images/header-bg.jpg,1,154134
2017-04-03 11:00:00,/assets/images/skills/ux.png,1,28114
2017-04-03 11:00:00,/assets/images/skills/angular.png,1,18192
2017-04-03 11:00:00,/assets/images/skills/jq.png,1,21781
2017-04-03 11:00:00,/assets/images/skills/html.png,1,16621
2017-04-03 11:00:00,/assets/images/skills/boot.png,1,17734
2017-04-03 11:00:00,/assets/images/skills/css.png,1,17144
2017-04-03 11:00:00,/assets/images/portfolio/small/ezeone-small.jpg,1,9925
2017-04-03 11:00:00,/assets/images/portfolio/small/fomads-small.jpg,1,14445
2017-04-03 11:00:00,/assets/images/about-img.jpg,1,57719
2017-04-03 11:00:00,/assets/images/skills/php.png,1,20953
2017-04-03 11:00:00,/assets/images/portfolio/small/laundrokart-small.jpg,1,12463
2017-04-03 11:00:00,/assets/images/portfolio/small/kartwagon-small.jpg,1,9103
2017-04-03 11:00:00,/assets/images/portfolio/small/nykbags-small.jpg,1,10430
2017-04-03 11:00:00,/assets/images/portfolio/small/rapidkart-small.jpg,1,10107
2017-04-03 11:00:00,/assets/images/portfolio/small/hc.png,1,73880
2017-04-03 11:00:00,/assets/images/portfolio/small/indianfaujies-small.jpg,1,13838
2017-04-03 11:00:00,/assets/images/testimonial-image1.png,1,25133
2017-04-03 11:00:00,/assets/images/team-member2.png,1,17402
2017-04-03 11:00:00,/assets/fonts/fontawesome-webfont.woff,1,81535
2017-04-03 11:00:00,/assets/images/the-sky.jpg,1,40608
2017-04-03 11:00:00,/assets/images/comp/agt.png,1,2935
2017-04-03 11:00:00,/assets/images/testimonial-bg.jpg,1,134989
2017-04-03 11:00:00,/assets/images/sealand.jpg,1,34023
2017-04-03 11:00:00,/assets/images/comp/hc.png,1,2430
2017-04-03 11:00:00,/assets/images/team-member1.jpg,1,4224
2017-04-03 11:00:00,/assets/images/team-member4.png,1,13992
2017-04-03 11:00:00,/assets/images/counter-bg.jpg,1,78661
2017-04-03 11:00:00,/assets/images/team-member3.jpg,1,12530
2017-04-03 11:00:00,/assets/images/photographer.jpg,1,21862
2017-04-03 11:00:00,/assets/images/contact-bg.jpg,1,135100
2017-04-03 11:00:00,/assets/images/call-to-action-bg.png,1,548996
2017-04-03 11:00:00,/assets/images/favicon.ico,1,1401
2017-04-03 18:00:00,/,1,44354
2017-04-03 19:00:00,/robots.txt,1,5387
2017-04-03 19:00:00,/assets/images/blog-banner.jpg,1,89143
2017-04-03 21:00:00,/assets/js/wow.js,1,15830
2017-04-03 23:00:00,/robots.txt,1,5402
2017-04-03 23:00:00,/assets/js/jquery.fancybox.pack.js,1,23469
2017-04-04 02:00:00,/assets/images/call-to-action-bg.png,1,548996
2017-04-04 05:00:00,/robots.txt,1,5387
2017-04-04 05:00:00,/assets/images/favicon.ico,1,1401
2017-04-04 06:00:00,/assets/js/bootstrap.js,1,69173
2017-04-04 08:00:00,/,2,88670
2017-04-04 08:00:00,/robots.txt,3,16157
2017-04-04 16:00:00,/assets/images/skills/php.png,1,20953
2017-04-04 16:00:00,/assets/images/about-img.jpg,1,57719
2017-04-04 17:00:00,/assets/images/skills/angular.png,1,18192
2017-04-04 17:00:00,/assets/images/skills/ux.png,1,28114
2017-04-04 19:00:00,/assets/images/logo.png,1,2570
2017-04-04 19:00:00,/assets/images/comp/agt.png,1,2935
2017-04-05 02:00:00,/robots.txt,1,5402
2017-04-05 04:00:00,/robots.txt,2,5520
2017-04-05 04:00:00,/assets/js/bootstrap.js,1,69173
2017-04-05 10:00:00,/robots.txt,1,5383
2017-04-05 10:00:00,/,1,44335
2017-04-05 10:00:00,/assets/css/bootstrap.css,1,147679
2017-04-05 10:00:00,/preloader.css,1,37113
2017-04-05 10:00:00,/assets/css/theme-color/default.css,1,5143
2017-04-05 10:00:00,/assets/css/animate.css,1,71056
2017-04-05 10:00:00,/assets/images/about-img.jpg,1,57719
2017-04-05 14:00:00,/assets/images/sealand.jpg,1,34023
2017-04-05 16:00:00,/robots.txt,3,16153
2017-04-05 16:00:00,/,3,133005
2017-04-05 16:00:00,/blog-single.html,1,15131
2017-04-05 16:00:00,/index.html,1,44335
2017-04-05 19:00:00,/,2,88670
2017-04-05 19:00:00,/index.html,2,88670
2017-04-05 20:00:00,/assets/js/jquery.fancybox.pack.js,1,23469
2017-04-05 22:00:00,/robots.txt,1,5383
2017-04-05 22:00:00,/,1,44335
2017-04-05 22:00:00,/assets/css/jquery.fancybox.css,1,5170
2017-04-05 22:00:00,/assets/css/slick.css,1,5120
2017-04-05 22:00:00,/assets/css/font-awesome.css,1,32566
2017-04-05 22:00:00,/style.css,1,55824
2017-04-05 23:00:00,/robots.txt,1,5387
2017-04-05 23:00:00,/assets/images/header-bg.jpg,1,154134
2017-04-06 00:00:00,/robots.txt,1,5402
2017-04-06 00:00:00,/assets/images/testimonial-image1.png,1,25133
2017-04-06 00:00:00,/assets/images/instagram-feed-img.jpg,1,23729
2017-04-06 01:00:00,/,1,44354
2017-04-06 03:00:00,/assets/js/jquery.counterup.js,1,2858
2017-04-06 06:00:00,/robots.txt,1,5387
2017-04-06 06:00:00,/,1,44335
2017-04-06 06:00:00,/assets/css/font-awesome.css,1,32566
2017-04-06 06:00:00,/assets/css/theme-color/default.css,1,5143
2017-04-06 06:00:00,/assets/css/jquery.fancybox.css,1,5170
2017-04-06 06:00:00,/assets/css/slick.css,1,5120
2017-04-06 06:00:00,/preloader.css,1,37113
2017-04-06 06:00:00,/assets/css/animate.css,1,71056
2017-04-06 06:00:00,/assets/css/bootstrap.css,1,147679
2017-04-06 06:00:00,/style.css,1,55824
2017-04-06 07:00:00,/assets/css/bootstrap.css,1,147698
2017-04-06 15:00:00,/,1,44354
2017-04-06 16:00:00,/assets/images/popular-post-img.jpg,1,5982
2017-04-06 16:00:00,/assets/images/sealand.jpg,1,34023
2017-04-06 16:00:00,/assets/images/portfolio/small/fomads-small.jpg,1,14445
2017-04-06 16:00:00,/robots.txt,1,5387
2017-04-06 16:00:00,/assets/images/team-member2.png,1,17402
2017-04-06 18:00:00,/robots.txt,2,10770
2017-04-06 18:00:00,/,2,88670
2017-04-06 20:00:00,/index.html,1,44335
2017-04-06 20:00:00,/robots.txt,2,10774
2017-04-06 20:00:00,/preloader.css,1,37113
2017-04-06 20:00:00,/style.css,1,55824
2017-04-06 20:00:00,/assets/js/bootstrap.js,1,69154
2017-04-06 20:00:00,/assets/css/theme-color/default.css,1,5143
2017-04-06 20:00:00,/assets/js/custom.js,1,7629
2017-04-06 20:00:00,/assets/js/jquery.fancybox.pack.js,1,23450
2017-04-06 20:00:00,/assets/js/jquery.mixitup.js,1,52488
2017-04-06 20:00:00,/assets/js/wow.js,1,15811
2017-04-06 20:00:00,/assets/css/animate.css,1,71056
2017-04-06 20:00:00,/assets/css/bootstrap.css,1,147679
2017-04-06 20:00:00,/assets/css/jquery.fancybox.css,1,5170
2017-04-06 20:00:00,/assets/js/jquery.counterup.js,1,2839
2017-04-06 21:00:00,/assets/css/font-awesome.css,1,32566
2017-04-06 21:00:00,/assets/css/slick.css,1,5120
2017-04-06 21:00:00,/assets/js/slick.js,1,79497
2017-04-06 21:00:00,/assets/js/waypoints.js,1,13833
2017-04-06 21:00:00,/robots.txt,1,5402
2017-04-06 21:00:00,/assets/images/about-img.jpg,1,57719
2017-04-06 21:00:00,/assets/css/theme-color/default.css,1,5143
2017-04-06 21:00:00,/assets/css/animate.css,1,71056
2017-04-06 21:00:00,/assets/js/bootstrap.js,1,69154
2017-04-06 21:00:00,/assets/css/bootstrap.css,1,147679
2017-04-06 21:00:00,/assets/js/custom.js,1,7629
2017-04-06 21:00:00,/assets/css/jquery.fancybox.css,1,5170
2017-04-06 21:00:00,/assets/js/jquery.mixitup.js,1,52488
2017-04-06 21:00:00,/assets/js/wow.js,1,15811
2017-04-06 21:00:00,/assets/fonts/fontawesome-webfont.svg,1,356235
2017-04-06 21:00:00,/assets/fonts/fontawesome-webfont.ttf,1,138469
2017-04-06 21:00:00,/assets/js/jquery.counterup.js,1,2839
2017-04-06 21:00:00,/style.css,1,55824
2017-04-07 08:00:00,/assets/css/bootstrap.css,1,147698
2017-04-07 12:00:00,/robots.txt,1,5387
2017-04-07 12:00:00,/,1,44335
2017-04-07 13:00:00,/robots.txt,1,5383
2017-04-07 13:00:00,/assets/images/favicon.ico,1,1401
2017-04-07 15:00:00,/,2,88708
2017-04-07 16:00:00,/,1,44335
2017-04-07 17:00:00,/robots.txt,2,10789
2017-04-07 17:00:00,/assets/images/logo.png,1,210
2017-04-07 17:00:00,/,1,44335
2017-04-07 17:00:00,/assets/js/slick.js,1,79516
2017-04-07 17:00:00,/assets/images/logo.jpg,1,211
2017-04-07 18:00:00,/robots.txt,1,5387
2017-04-07 18:00:00,/assets/images/skills/boot.png,1,17734
2017-04-07 18:00:00,/assets/images/portfolio/small/rapidkart-small.jpg,1,10107
2017-04-07 18:00:00,/assets/images/portfolio/small/nykbags-small.jpg,1,10430
2017-04-07 18:00:00,/assets/images/skills/css.png,1,17144
2017-04-08 03:00:00,/preloader.css,1,37132
2017-04-08 04:00:00,/assets/js/custom.js,1,7648
2017-04-08 07:00:00,/assets/images/portfolio/small/nykbags-small.jpg,1,10430
2017-04-08 08:00:00,/robots.txt,1,5383
2017-04-08 08:00:00,/,1,44335
2017-04-08 09:00:00,/,1,44335
2017-04-08 13:00:00,/,1,44335
2017-04-08 14:00:00,/robots.txt,2,10770
2017-04-08 14:00:00,/,2,88670
2017-04-08 17:00:00,/assets/images/portfolio/small/laundrokart-small.jpg,1,12463
2017-04-08 17:00:00,/assets/images/testimonial-bg.jpg,1,134989
2017-04-08 17:00:00,/robots.txt,1,5387
2017-04-08 18:00:00,/assets/images/photographer.jpg,1,21862
2017-04-08 18:00:00,/,1,44335
2017-04-08 19:00:00,/,1,44335
2017-04-08 22:00:00,/robots.txt,1,5387
2017-04-08 22:00:00,/,1,44335
2017-04-08 23:00:00,/,1,44335
2017-04-08 23:00:00,/assets/js/'+g+',1,2760
2017-04-09 02:00:00,/robots.txt,1,5387
2017-04-09 02:00:00,/assets/images/favicon.ico,1,1401
